{
  "train_loss": [
    0.3082945942878723,
    0.3007409870624542,
    0.2975683808326721,
    0.2954021394252777,
    0.29378828406333923,
    0.2928011417388916,
    0.2912602126598358,
    0.29009711742401123,
    0.2891014814376831,
    0.2882789373397827,
    0.2875082790851593,
    0.2868308126926422,
    0.28618118166923523,
    0.2855611741542816,
    0.28513869643211365,
    0.2845584750175476,
    0.28396958112716675,
    0.2836100459098816,
    0.2836760878562927,
    0.2828235626220703,
    0.2823835611343384,
    0.28189516067504883,
    0.28189167380332947,
    0.281186580657959,
    0.2809216380119324,
    0.2807065546512604,
    0.2809269428253174,
    0.2802906930446625,
    0.27949976921081543,
    0.27921780943870544,
    0.2789726257324219,
    0.27863216400146484,
    0.27862033247947693,
    0.27799752354621887,
    0.27767854928970337,
    0.27750658988952637,
    0.27733495831489563,
    0.27692872285842896,
    0.27661606669425964,
    0.2763826549053192,
    0.27613863348960876,
    0.2758198380470276,
    0.2757086157798767,
    0.27533090114593506,
    0.27563607692718506,
    0.2749485969543457,
    0.27474918961524963,
    0.27481478452682495,
    0.27405664324760437,
    0.2740967571735382,
    0.2746642529964447,
    0.2734810411930084,
    0.27314820885658264,
    0.27313879132270813,
    0.27243855595588684,
    0.2725966274738312,
    0.27199265360832214,
    0.2717125415802002,
    0.27174457907676697,
    0.2715151309967041,
    0.27103593945503235,
    0.2708265781402588,
    0.2705967426300049,
    0.2702989876270294,
    0.2702435255050659
  ],
  "val_loss": [
    0.3000437021255493,
    0.2913351356983185,
    0.28818824887275696,
    0.28566333651542664,
    0.2845745086669922,
    0.2838643193244934,
    0.2823954224586487,
    0.2814578711986542,
    0.2806859016418457,
    0.28021517395973206,
    0.2797470986843109,
    0.27956750988960266,
    0.27894261479377747,
    0.2784934639930725,
    0.2785660922527313,
    0.27773526310920715,
    0.2775765657424927,
    0.27760857343673706,
    0.27764400839805603,
    0.2772011160850525,
    0.27703380584716797,
    0.276933878660202,
    0.2768634855747223,
    0.2759149670600891,
    0.2763586640357971,
    0.2761887311935425,
    0.2765258848667145,
    0.2762630581855774,
    0.27597999572753906,
    0.275446355342865,
    0.27583497762680054,
    0.27583077549934387,
    0.2759491801261902,
    0.2752443253993988,
    0.2752602994441986,
    0.2752741575241089,
    0.2751533091068268,
    0.2749902307987213,
    0.2753441333770752,
    0.27506905794143677,
    0.2749393582344055,
    0.2748403549194336,
    0.2749216854572296,
    0.2749532163143158,
    0.2754833996295929,
    0.27479490637779236,
    0.2746598422527313,
    0.27498379349708557,
    0.2748062014579773,
    0.27531376481056213,
    0.2761128842830658,
    0.2754056751728058,
    0.27463069558143616,
    0.27496767044067383,
    0.2745389938354492,
    0.2751883864402771,
    0.2745065987110138,
    0.27457135915756226,
    0.2752043306827545,
    0.2750060558319092,
    0.27473175525665283,
    0.2745554745197296,
    0.2748640775680542,
    0.2747310400009155,
    0.27474507689476013
  ],
  "train_acc": [
    0.8900369806395475,
    0.8906895801609745,
    0.8918135015589878,
    0.8923935900224784,
    0.8933362337756507,
    0.8935537669494598,
    0.8939163222391414,
    0.8948227104633456,
    0.8946051772895367,
    0.8952940323399319,
    0.8953665433978681,
    0.8954753099847726,
    0.895765354216518,
    0.8961641650351678,
    0.8954753099847726,
    0.8959466318613588,
    0.8961641650351678,
    0.8964179537379451,
    0.8961641650351678,
    0.896635486911754,
    0.8968892756145312,
    0.8969980422014358,
    0.8966717424407222,
    0.8972155753752448,
    0.8974693640780219,
    0.8971793198462765,
    0.8979769414835762,
    0.8983757523022261,
    0.8974693640780219,
    0.8978681748966717,
    0.8981944746573852,
    0.898339496773258,
    0.8974331085490538,
    0.8981582191284171,
    0.8982669857153216,
    0.8980494525415126,
    0.898121963599449,
    0.8989195852367486,
    0.898339496773258,
    0.8992821405264303,
    0.8987020520629396,
    0.8990283518236531,
    0.8990646073526213,
    0.8985932854760351,
    0.9001885287506345,
    0.8997534624030165,
    0.8999347400478573,
    0.9000072511057936,
    0.8993909071133348,
    0.8989920962946849,
    0.8986657965339714,
    0.9001885287506345,
    0.9007686172141252,
    0.8991008628815894,
    0.8999709955768255,
    0.9006961061561888,
    0.900514828511348,
    0.900514828511348,
    0.900732361685157,
    0.9007686172141252,
    0.9001522732216664,
    0.900514828511348,
    0.9010949169748387,
    0.9006235950982525,
    0.9002247842796026
  ],
  "val_acc": [
    0.8938906752411575,
    0.8952445422237265,
    0.8962599424606532,
    0.8969368759519377,
    0.8987984430529701,
    0.8977830428160434,
    0.8981215095616856,
    0.8993061431714334,
    0.8999830766627179,
    0.9008292435268235,
    0.9003215434083601,
    0.9006600101540023,
    0.9016754103909291,
    0.9009984768996446,
    0.9009984768996446,
    0.9016754103909291,
    0.9020138771365713,
    0.9013369436452868,
    0.9003215434083601,
    0.9016754103909291,
    0.9023523438822135,
    0.9009984768996446,
    0.9003215434083601,
    0.9018446437637502,
    0.9018446437637502,
    0.9008292435268235,
    0.9009984768996446,
    0.9020138771365713,
    0.900152310035539,
    0.9020138771365713,
    0.9006600101540023,
    0.9006600101540023,
    0.9013369436452868,
    0.9013369436452868,
    0.9021831105093925,
    0.9018446437637502,
    0.9006600101540023,
    0.9020138771365713,
    0.8999830766627179,
    0.9011677102724658,
    0.9003215434083601,
    0.9006600101540023,
    0.8996446099170756,
    0.9018446437637502,
    0.8991369097986123,
    0.8994753765442546,
    0.8994753765442546,
    0.8986292096801489,
    0.8994753765442546,
    0.9003215434083601,
    0.9013369436452868,
    0.8977830428160434,
    0.8989676764257911,
    0.9009984768996446,
    0.8987984430529701,
    0.8979522761888644,
    0.8982907429345067,
    0.8984599763073278,
    0.8976138094432222,
    0.8977830428160434,
    0.8993061431714334,
    0.8999830766627179,
    0.8971061093247589,
    0.8984599763073278,
    0.8998138432898968
  ]
}