{
  "train_loss": [
    0.3169710040092468,
    0.3077220320701599,
    0.30324825644493103,
    0.3001628518104553,
    0.29797351360321045,
    0.2964025139808655,
    0.2951289713382721,
    0.2941078543663025,
    0.29297226667404175,
    0.29210788011550903,
    0.2913867235183716,
    0.2907663583755493,
    0.2901891767978668,
    0.2897051274776459,
    0.28936150670051575,
    0.28901582956314087,
    0.2884610891342163,
    0.28825443983078003,
    0.2878754436969757,
    0.28730955719947815,
    0.2871076166629791,
    0.2870616018772125,
    0.28649720549583435,
    0.286227285861969,
    0.28586721420288086,
    0.2854551672935486,
    0.2853720784187317,
    0.2849700152873993,
    0.28523287177085876,
    0.28452593088150024,
    0.28433480858802795,
    0.28425347805023193,
    0.28387582302093506,
    0.2836936414241791,
    0.2834896743297577,
    0.28366923332214355,
    0.28323063254356384,
    0.28300216794013977,
    0.2829253077507019,
    0.28258177638053894,
    0.2827760875225067,
    0.28224024176597595,
    0.2821284532546997,
    0.2819105088710785,
    0.2819167971611023,
    0.28159961104393005,
    0.28144389390945435,
    0.2817946672439575,
    0.28118446469306946,
    0.2810394763946533,
    0.2811449468135834,
    0.28072673082351685,
    0.28065502643585205,
    0.2805939018726349,
    0.28028789162635803,
    0.280126690864563,
    0.279987633228302,
    0.2799135446548462,
    0.2797246277332306,
    0.27975979447364807
  ],
  "val_loss": [
    0.30882957577705383,
    0.2987847924232483,
    0.2939823865890503,
    0.2910277843475342,
    0.2890327572822571,
    0.28767573833465576,
    0.2858913540840149,
    0.28526467084884644,
    0.2844206988811493,
    0.28336286544799805,
    0.28266578912734985,
    0.28205543756484985,
    0.2816530466079712,
    0.2811029851436615,
    0.28101056814193726,
    0.2808321714401245,
    0.2802436053752899,
    0.2799435555934906,
    0.27965205907821655,
    0.279141366481781,
    0.2789416015148163,
    0.2790166735649109,
    0.27869531512260437,
    0.278608113527298,
    0.27831023931503296,
    0.27784842252731323,
    0.2780081331729889,
    0.2774215042591095,
    0.27782174944877625,
    0.27716341614723206,
    0.277058869600296,
    0.2770662307739258,
    0.276763379573822,
    0.2767380475997925,
    0.2764744162559509,
    0.27678152918815613,
    0.27628520131111145,
    0.27591806650161743,
    0.27651745080947876,
    0.2762567102909088,
    0.2764004170894623,
    0.27604854106903076,
    0.2759026288986206,
    0.275674968957901,
    0.27593761682510376,
    0.2756984829902649,
    0.2753238081932068,
    0.2761308252811432,
    0.2753986120223999,
    0.2754450738430023,
    0.2754904329776764,
    0.27511847019195557,
    0.2754245400428772,
    0.27533620595932007,
    0.2749227285385132,
    0.27489906549453735,
    0.2748561501502991,
    0.27472037076950073,
    0.27483874559402466,
    0.27509230375289917
  ],
  "train_acc": [
    0.8918497570879559,
    0.8928649118990646,
    0.8925023566093829,
    0.8932274671887462,
    0.8934812558915235,
    0.8942788775288232,
    0.8934812558915235,
    0.8937713001232688,
    0.8942426219998549,
    0.8942426219998549,
    0.8943151330577913,
    0.8946051772895367,
    0.8947139438764412,
    0.8948589659923138,
    0.8949314770502501,
    0.8950764991661229,
    0.8950039881081865,
    0.8952215212819955,
    0.8952215212819955,
    0.8954753099847726,
    0.8954390544558045,
    0.8952940323399319,
    0.8954390544558045,
    0.8954027989268364,
    0.8952215212819955,
    0.8956565876296135,
    0.8956928431585817,
    0.8958016097454862,
    0.8958016097454862,
    0.8956565876296135,
    0.8958016097454862,
    0.8960553984482633,
    0.8958741208034225,
    0.8958016097454862,
    0.8960191429192952,
    0.895982887390327,
    0.8962366760931042,
    0.8962366760931042,
    0.8962366760931042,
    0.895982887390327,
    0.896635486911754,
    0.8962366760931042,
    0.8961641650351678,
    0.8964542092669132,
    0.8968892756145312,
    0.8964542092669132,
    0.8964542092669132,
    0.8969980422014358,
    0.8967079979696904,
    0.8964904647958813,
    0.896635486911754,
    0.8966717424407222,
    0.8964179537379451,
    0.8968167645565949,
    0.8967079979696904,
    0.8969255311434994,
    0.897070553259372,
    0.8972518309042129,
    0.8973243419621493,
    0.8969617866724675
  ],
  "val_acc": [
    0.8955830089693687,
    0.8972753426975799,
    0.8976138094432222,
    0.8971061093247589,
    0.8977830428160434,
    0.8981215095616856,
    0.8977830428160434,
    0.8974445760704011,
    0.8976138094432222,
    0.8987984430529701,
    0.8982907429345067,
    0.8986292096801489,
    0.8984599763073278,
    0.8986292096801489,
    0.8982907429345067,
    0.8984599763073278,
    0.8984599763073278,
    0.8994753765442546,
    0.8991369097986123,
    0.900152310035539,
    0.8993061431714334,
    0.8999830766627179,
    0.900152310035539,
    0.8989676764257911,
    0.900152310035539,
    0.9004907767811813,
    0.9006600101540023,
    0.9003215434083601,
    0.9004907767811813,
    0.9008292435268235,
    0.900152310035539,
    0.9004907767811813,
    0.900152310035539,
    0.9008292435268235,
    0.9008292435268235,
    0.9011677102724658,
    0.9009984768996446,
    0.9006600101540023,
    0.9011677102724658,
    0.9009984768996446,
    0.901506177018108,
    0.901506177018108,
    0.901506177018108,
    0.901506177018108,
    0.9008292435268235,
    0.9016754103909291,
    0.9013369436452868,
    0.9018446437637502,
    0.9013369436452868,
    0.9018446437637502,
    0.901506177018108,
    0.9011677102724658,
    0.9016754103909291,
    0.9020138771365713,
    0.9018446437637502,
    0.9011677102724658,
    0.9011677102724658,
    0.9013369436452868,
    0.9013369436452868,
    0.901506177018108
  ]
}