{
  "test": {
    "classification_report": {
      "0": {
        "precision": 0.9099946742410794,
        "recall": 0.9816162389888932,
        "f1-score": 0.9444495624136343,
        "support": 5222.0
      },
      "1": {
        "precision": 0.6571428571428571,
        "recall": 0.2662807525325615,
        "f1-score": 0.37899073120494337,
        "support": 691.0
      },
      "accuracy": 0.898021308980213,
      "macro avg": {
        "precision": 0.7835687656919683,
        "recall": 0.6239484957607273,
        "f1-score": 0.6617201468092888,
        "support": 5913.0
      },
      "weighted avg": {
        "precision": 0.880446119258013,
        "recall": 0.898021308980213,
        "f1-score": 0.8783693912035538,
        "support": 5913.0
      }
    },
    "roc_auc": 0.7855869440267464,
    "avg_precision": 0.4606918219509088
  },
  "baseline": {
    "majority_class": 0,
    "accuracy": 0.8831388466091662
  }
}